{
	"info": {
		"_postman_id": "7e1c2f48-aae8-4c0f-8abc-b9321e2ecbdb",
		"name": "Freelancer API",
		"schema": "https://schema.getpostman.com/json/collection/v2.1.0/collection.json",
		"_exporter_id": "16271651"
	},
	"item": [
		{
			"name": "POST - Login to get token",
			"request": {
				"method": "POST",
				"header": [],
				"body": {
					"mode": "raw",
					"raw": "{\r\n\"username\":\"admin\",\r\n\"password\":\"password\"\r\n\r\n}",
					"options": {
						"raw": {
							"language": "json"
						}
					}
				},
				"url": {
					"raw": "localhost:8080/freelance/api/login",
					"host": [
						"localhost"
					],
					"port": "8080",
					"path": [
						"freelance",
						"api",
						"login"
					]
				}
			},
			"response": []
		},
		{
			"name": "POST - Create new user",
			"request": {
				"method": "POST",
				"header": [
					{
						"key": "Authorization",
						"value": "Bearer eyJhbGciOiJIUzUxMiJ9.eyJzdWIiOiJhZG1pbiIsImV4cCI6MTY3NzMzMTc0MywiaWF0IjoxNjc3MzEzNzQzfQ.zwVt-m1NJirWe4cPUawdZz9k4GpbPTT7usDyhrqfimiQUHinZ0ZIHEjDWoL1zJmlJeCp8jqARB7VOA2xdKjrkw",
						"type": "text"
					}
				],
				"body": {
					"mode": "raw",
					"raw": "{\r\n \"name\":\"Alana Hemsworth\",\r\n \"age\":27,\r\n \"phone\":\"0112689003\",\r\n \"jobId\":3\r\n\r\n}",
					"options": {
						"raw": {
							"language": "json"
						}
					}
				},
				"url": {
					"raw": "localhost:8080/freelance/api/freelance/create",
					"host": [
						"localhost"
					],
					"port": "8080",
					"path": [
						"freelance",
						"api",
						"freelance",
						"create"
					]
				}
			},
			"response": []
		},
		{
			"name": "GET - Find user by course id",
			"request": {
				"method": "GET",
				"header": [
					{
						"key": "Authorization",
						"value": "Bearer eyJhbGciOiJIUzUxMiJ9.eyJzdWIiOiJhZG1pbiIsImV4cCI6MTY3NzMzMTc0MywiaWF0IjoxNjc3MzEzNzQzfQ.zwVt-m1NJirWe4cPUawdZz9k4GpbPTT7usDyhrqfimiQUHinZ0ZIHEjDWoL1zJmlJeCp8jqARB7VOA2xdKjrkw",
						"type": "text"
					}
				],
				"url": {
					"raw": "localhost:8080/freelance/api/freelance/findStudentByCourseId?courseId=1",
					"host": [
						"localhost"
					],
					"port": "8080",
					"path": [
						"freelance",
						"api",
						"freelance",
						"findStudentByCourseId"
					],
					"query": [
						{
							"key": "courseId",
							"value": "1"
						}
					]
				}
			},
			"response": []
		},
		{
			"name": "GET - Find All Freelancer",
			"request": {
				"method": "GET",
				"header": [
					{
						"key": "Authorization",
						"value": "Bearer eyJhbGciOiJIUzUxMiJ9.eyJzdWIiOiJhZG1pbiIsImV4cCI6MTY3NzMzMTc0MywiaWF0IjoxNjc3MzEzNzQzfQ.zwVt-m1NJirWe4cPUawdZz9k4GpbPTT7usDyhrqfimiQUHinZ0ZIHEjDWoL1zJmlJeCp8jqARB7VOA2xdKjrkw",
						"type": "text"
					}
				],
				"url": {
					"raw": "localhost:8080/freelance/api/freelance/findAllFreelancer",
					"host": [
						"localhost"
					],
					"port": "8080",
					"path": [
						"freelance",
						"api",
						"freelance",
						"findAllFreelancer"
					]
				}
			},
			"response": []
		},
		{
			"name": "PUT - Update user by id",
			"request": {
				"method": "PUT",
				"header": [
					{
						"key": "Authorization",
						"value": "Bearer eyJhbGciOiJIUzUxMiJ9.eyJzdWIiOiJhZG1pbiIsImV4cCI6MTY3NzMzMTc0MywiaWF0IjoxNjc3MzEzNzQzfQ.zwVt-m1NJirWe4cPUawdZz9k4GpbPTT7usDyhrqfimiQUHinZ0ZIHEjDWoL1zJmlJeCp8jqARB7VOA2xdKjrkw",
						"type": "text"
					}
				],
				"body": {
					"mode": "raw",
					"raw": "{   \r\n    \"name\": \"Alana Lam Hemsworth\",\r\n    \"age\": 27,\r\n    \"phone\": \"0112689003\",\r\n    \"jobId\": 1\r\n    \r\n}",
					"options": {
						"raw": {
							"language": "json"
						}
					}
				},
				"url": {
					"raw": "localhost:8080/freelance/api/freelance/update/2",
					"host": [
						"localhost"
					],
					"port": "8080",
					"path": [
						"freelance",
						"api",
						"freelance",
						"update",
						"2"
					]
				}
			},
			"response": []
		},
		{
			"name": "DELETE - Delete user by id",
			"request": {
				"method": "DELETE",
				"header": [
					{
						"key": "Authorization",
						"value": "Bearer eyJhbGciOiJIUzUxMiJ9.eyJzdWIiOiJhZG1pbiIsImV4cCI6MTY3NzMzMTc0MywiaWF0IjoxNjc3MzEzNzQzfQ.zwVt-m1NJirWe4cPUawdZz9k4GpbPTT7usDyhrqfimiQUHinZ0ZIHEjDWoL1zJmlJeCp8jqARB7VOA2xdKjrkw",
						"type": "text"
					}
				],
				"url": {
					"raw": "localhost:8080/freelance/api/freelance/delete/2",
					"host": [
						"localhost"
					],
					"port": "8080",
					"path": [
						"freelance",
						"api",
						"freelance",
						"delete",
						"2"
					]
				}
			},
			"response": []
		},
		{
			"name": "GET - Find all Job",
			"request": {
				"method": "GET",
				"header": [
					{
						"key": "Authorization",
						"value": "Bearer eyJhbGciOiJIUzUxMiJ9.eyJzdWIiOiJhZG1pbiIsImV4cCI6MTY3NzMzMTc0MywiaWF0IjoxNjc3MzEzNzQzfQ.zwVt-m1NJirWe4cPUawdZz9k4GpbPTT7usDyhrqfimiQUHinZ0ZIHEjDWoL1zJmlJeCp8jqARB7VOA2xdKjrkw",
						"type": "text"
					}
				],
				"url": {
					"raw": "localhost:8080/freelance/api/freelance/findAllJob",
					"host": [
						"localhost"
					],
					"port": "8080",
					"path": [
						"freelance",
						"api",
						"freelance",
						"findAllCourse"
					]
				}
			},
			"response": []
		},
		{
			"name": "GET - Find User by id",
			"request": {
				"method": "GET",
				"header": [
					{
						"key": "Authorization",
						"value": "Bearer eyJhbGciOiJIUzUxMiJ9.eyJzdWIiOiJhZG1pbiIsImV4cCI6MTY3NzMzMTc0MywiaWF0IjoxNjc3MzEzNzQzfQ.zwVt-m1NJirWe4cPUawdZz9k4GpbPTT7usDyhrqfimiQUHinZ0ZIHEjDWoL1zJmlJeCp8jqARB7VOA2xdKjrkw",
						"type": "text"
					}
				],
				"url": {
					"raw": "localhost:8080/freelance/api/freelance/findUsertById/12",
					"host": [
						"localhost"
					],
					"port": "8080",
					"path": [
						"freelance",
						"api",
						"freelance",
						"findUsertById",
						"12"
					]
				}
			},
			"response": []
		}
	]
}